[{"model": "tunes.tunetype", "pk": 1, "fields": {"tune_type_char": "reel"}}, {"model": "tunes.tunetype", "pk": 2, "fields": {"tune_type_char": "jig"}}, {"model": "tunes.tunetype", "pk": 3, "fields": {"tune_type_char": "slip jig"}}, {"model": "tunes.tunetype", "pk": 4, "fields": {"tune_type_char": "single jig"}}, {"model": "tunes.tunetype", "pk": 5, "fields": {"tune_type_char": "hornpipe"}}, {"model": "tunes.tunetype", "pk": 6, "fields": {"tune_type_char": "polka"}}, {"model": "tunes.tunetype", "pk": 7, "fields": {"tune_type_char": "Carolan"}}, {"model": "tunes.key", "pk": 1, "fields": {"key_type_char": "Dmajor"}}, {"model": "tunes.key", "pk": 2, "fields": {"key_type_char": "Gmajor"}}, {"model": "tunes.composer", "pk": 1, "fields": {"name": "James McMahon"}}, {"model": "tunes.composer", "pk": 2, "fields": {"name": "Joe Mills Galway"}}, {"model": "tunes.composer", "pk": 3, "fields": {"name": "Micheal Gorman"}}, {"model": "tunes.composer", "pk": 4, "fields": {"name": "Niel Gow"}}, {"model": "tunes.composer", "pk": 5, "fields": {"name": "Turloughh O'Carolan"}}, {"model": "tunes.tune", "pk": 1, "fields": {"name": "The Banshee", "tune_type": 1, "parts": 2, "composer": 1, "tune_info": null}}, {"model": "tunes.tune", "pk": 2, "fields": {"name": "Cooley's", "tune_type": 1, "parts": 2, "composer": 2, "tune_info": null}}, {"model": "tunes.tune", "pk": 3, "fields": {"name": "Drowsy Maggie", "tune_type": 1, "parts": 2, "composer": null, "tune_info": null}}, {"model": "tunes.tune", "pk": 4, "fields": {"name": "The Mountain Road", "tune_type": 1, "parts": 2, "composer": 3, "tune_info": null}}, {"model": "tunes.tune", "pk": 5, "fields": {"name": "Farewell to Erin", "tune_type": 1, "parts": 4, "composer": null, "tune_info": null}}, {"model": "tunes.tune", "pk": 6, "fields": {"name": "The Fermony Lasses", "tune_type": 1, "parts": 2, "composer": null, "tune_info": null}}, {"model": "tunes.tune", "pk": 7, "fields": {"name": "The Maid Behind the Bar", "tune_type": 1, "parts": 2, "composer": null, "tune_info": null}}, {"model": "tunes.tune", "pk": 8, "fields": {"name": "The Foxhunters", "tune_type": 1, "parts": 5, "composer": null, "tune_info": null}}, {"model": "tunes.tune", "pk": 9, "fields": {"name": "The Merry Blacksmith", "tune_type": 1, "parts": 2, "composer": null, "tune_info": null}}, {"model": "tunes.tune", "pk": 10, "fields": {"name": "Mrs McLeod's", "tune_type": 1, "parts": 2, "composer": 4, "tune_info": null}}, {"model": "tunes.tune", "pk": 11, "fields": {"name": "The Sally Gardens", "tune_type": 1, "parts": 2, "composer": null, "tune_info": null}}, {"model": "tunes.tune", "pk": 12, "fields": {"name": "The Musical Priest", "tune_type": 1, "parts": 2, "composer": null, "tune_info": null}}, {"model": "tunes.tune", "pk": 13, "fields": {"name": "Saint Anne's", "tune_type": 1, "parts": 2, "composer": null, "tune_info": null}}, {"model": "tunes.tune", "pk": 14, "fields": {"name": "The Silver Spear", "tune_type": 1, "parts": 2, "composer": null, "tune_info": null}}, {"model": "tunes.tune", "pk": 15, "fields": {"name": "The Star of Munster", "tune_type": 1, "parts": 2, "composer": null, "tune_info": null}}, {"model": "tunes.tune", "pk": 16, "fields": {"name": "Banish Misfortune", "tune_type": 2, "parts": 3, "composer": null, "tune_info": null}}, {"model": "tunes.tune", "pk": 17, "fields": {"name": "The Blarney Pilgrim", "tune_type": 2, "parts": 3, "composer": null, "tune_info": null}}, {"model": "tunes.tune", "pk": 18, "fields": {"name": "The Cliffs of Moher", "tune_type": 2, "parts": 2, "composer": null, "tune_info": null}}, {"model": "tunes.tune", "pk": 19, "fields": {"name": "Connaughtman's Rambles", "tune_type": 2, "parts": 2, "composer": null, "tune_info": null}}, {"model": "tunes.tune", "pk": 20, "fields": {"name": "Jimmy Ward's", "tune_type": 2, "parts": 2, "composer": null, "tune_info": null}}, {"model": "tunes.tune", "pk": 21, "fields": {"name": "The Kesh", "tune_type": 2, "parts": 2, "composer": null, "tune_info": null}}, {"model": "tunes.tune", "pk": 22, "fields": {"name": "The Lilting Banshee", "tune_type": 2, "parts": 2, "composer": null, "tune_info": null}}, {"model": "tunes.tune", "pk": 23, "fields": {"name": "The Lark in the Morning", "tune_type": 2, "parts": 4, "composer": null, "tune_info": null}}, {"model": "tunes.tune", "pk": 24, "fields": {"name": "Morrison's", "tune_type": 2, "parts": 2, "composer": null, "tune_info": null}}, {"model": "tunes.tune", "pk": 25, "fields": {"name": "Out on the Ocean", "tune_type": 2, "parts": 2, "composer": null, "tune_info": null}}, {"model": "tunes.tune", "pk": 26, "fields": {"name": "Saddle the Pony", "tune_type": 2, "parts": 2, "composer": null, "tune_info": null}}, {"model": "tunes.tune", "pk": 27, "fields": {"name": "Tripping Up the Stairs", "tune_type": 2, "parts": 2, "composer": null, "tune_info": null}}, {"model": "tunes.tune", "pk": 28, "fields": {"name": "The Kid on the Mountain", "tune_type": 3, "parts": 5, "composer": null, "tune_info": null}}, {"model": "tunes.tune", "pk": 29, "fields": {"name": "The Foxhunters", "tune_type": 3, "parts": 3, "composer": null, "tune_info": null}}, {"model": "tunes.tune", "pk": 30, "fields": {"name": "Merry Kiss the Quakers Wife", "tune_type": 4, "parts": 3, "composer": null, "tune_info": null}}, {"model": "tunes.tune", "pk": 31, "fields": {"name": "The Boys of Bluehill", "tune_type": 5, "parts": 2, "composer": null, "tune_info": null}}, {"model": "tunes.tune", "pk": 32, "fields": {"name": "Harvet Home", "tune_type": 5, "parts": 2, "composer": null, "tune_info": null}}, {"model": "tunes.tune", "pk": 33, "fields": {"name": "The Rights of Man", "tune_type": 5, "parts": 2, "composer": null, "tune_info": null}}, {"model": "tunes.tune", "pk": 34, "fields": {"name": "Ballydesmond Polka 2", "tune_type": 6, "parts": 2, "composer": null, "tune_info": null}}, {"model": "tunes.tune", "pk": 35, "fields": {"name": "Ballydesmond Polka 3", "tune_type": 6, "parts": 2, "composer": null, "tune_info": null}}, {"model": "tunes.tune", "pk": 36, "fields": {"name": "Britches Full of Stiches", "tune_type": 6, "parts": 2, "composer": null, "tune_info": null}}, {"model": "tunes.tune", "pk": 37, "fields": {"name": "Egan's", "tune_type": 6, "parts": 2, "composer": null, "tune_info": null}}, {"model": "tunes.tune", "pk": 38, "fields": {"name": "John Ryan's", "tune_type": 6, "parts": 2, "composer": null, "tune_info": null}}, {"model": "tunes.tune", "pk": 39, "fields": {"name": "Maggie in the Wood", "tune_type": 6, "parts": 2, "composer": null, "tune_info": null}}, {"model": "tunes.tune", "pk": 40, "fields": {"name": "Sheebeg Sheemore", "tune_type": 7, "parts": 2, "composer": 5, "tune_info": null}}, {"model": "tunes.abctext", "pk": 1, "fields": {"tune": 1, "key": 2, "text": "K:G\r\n~G3D EDB,D|GFGB d2Bd|eged BAGA|BAGE EDDE|\r\n~G3D EDB,D|GFGB d2Bd|eged BAGA|BAGE EDD2:|\r\n|:eaag efge|dBBA B3z|eB~B2 gBfB|eBBA B3z|\r\neaag efge|dBBA B3z|eged BAGA|BAGE EDD2:|"}}]