[{"model": "tunes.tunetype", "pk": 1, "fields": {"tune_type_char": "reel"}}, {"model": "tunes.tunetype", "pk": 2, "fields": {"tune_type_char": "jig"}}, {"model": "tunes.tunetype", "pk": 3, "fields": {"tune_type_char": "slip jig"}}, {"model": "tunes.tunetype", "pk": 4, "fields": {"tune_type_char": "single jig"}}, {"model": "tunes.tunetype", "pk": 5, "fields": {"tune_type_char": "hornpipe"}}, {"model": "tunes.tunetype", "pk": 6, "fields": {"tune_type_char": "polka"}}, {"model": "tunes.tunetype", "pk": 7, "fields": {"tune_type_char": "Carolan"}}, {"model": "tunes.key", "pk": 1, "fields": {"key_type_char": "D Major"}}, {"model": "tunes.key", "pk": 2, "fields": {"key_type_char": "G Major"}}, {"model": "tunes.key", "pk": 3, "fields": {"key_type_char": "E Minor"}}, {"model": "tunes.key", "pk": 4, "fields": {"key_type_char": "E Dorian"}}, {"model": "tunes.key", "pk": 5, "fields": {"key_type_char": "A Major"}}, {"model": "tunes.key", "pk": 6, "fields": {"key_type_char": "A Dorian"}}, {"model": "tunes.key", "pk": 7, "fields": {"key_type_char": "B Minor"}}, {"model": "tunes.key", "pk": 8, "fields": {"key_type_char": "D Mixolydian"}}, {"model": "tunes.meter", "pk": 1, "fields": {"meter_type_char": "4/4"}}, {"model": "tunes.meter", "pk": 2, "fields": {"meter_type_char": "6/8"}}, {"model": "tunes.meter", "pk": 3, "fields": {"meter_type_char": "9/8"}}, {"model": "tunes.meter", "pk": 4, "fields": {"meter_type_char": "2/4"}}, {"model": "tunes.meter", "pk": 5, "fields": {"meter_type_char": "3/4"}}, {"model": "tunes.composer", "pk": 1, "fields": {"name": "James McMahon"}}, {"model": "tunes.composer", "pk": 2, "fields": {"name": "Joe Mills Galway"}}, {"model": "tunes.composer", "pk": 3, "fields": {"name": "Micheal Gorman"}}, {"model": "tunes.composer", "pk": 4, "fields": {"name": "Niel Gow"}}, {"model": "tunes.composer", "pk": 5, "fields": {"name": "Turlough O'Carolan"}}, {"model": "tunes.composer", "pk": 6, "fields": {"name": "James McMahon"}}, {"model": "tunes.composer", "pk": 7, "fields": {"name": "James McMahon"}}, {"model": "tunes.unitnotelength", "pk": 1, "fields": {"unit_note_length": "1/4"}}, {"model": "tunes.unitnotelength", "pk": 2, "fields": {"unit_note_length": "2/4"}}, {"model": "tunes.unitnotelength", "pk": 3, "fields": {"unit_note_length": "1/8"}}, {"model": "tunes.bpm", "pk": 1, "fields": {"bpm": "1/4=120"}}, {"model": "tunes.bpm", "pk": 2, "fields": {"bpm": "1/2=70"}}, {"model": "tunes.bpm", "pk": 3, "fields": {"bpm": "3/8=100"}}, {"model": "tunes.tune", "pk": 1, "fields": {"name": "The Banshee", "tune_type": 1, "parts": 2, "composer": 1, "tune_info": null}}, {"model": "tunes.tune", "pk": 2, "fields": {"name": "Cooley's", "tune_type": 1, "parts": 2, "composer": 2, "tune_info": null}}, {"model": "tunes.tune", "pk": 3, "fields": {"name": "Drowsy Maggie", "tune_type": 1, "parts": 2, "composer": null, "tune_info": null}}, {"model": "tunes.tune", "pk": 4, "fields": {"name": "The Mountain Road", "tune_type": 1, "parts": 2, "composer": 3, "tune_info": null}}, {"model": "tunes.tune", "pk": 5, "fields": {"name": "Farewell to Erin", "tune_type": 1, "parts": 4, "composer": null, "tune_info": null}}, {"model": "tunes.tune", "pk": 6, "fields": {"name": "The Fermony Lasses", "tune_type": 1, "parts": 2, "composer": null, "tune_info": null}}, {"model": "tunes.tune", "pk": 7, "fields": {"name": "The Maid Behind the Bar", "tune_type": 1, "parts": 2, "composer": null, "tune_info": null}}, {"model": "tunes.tune", "pk": 8, "fields": {"name": "The Foxhunters", "tune_type": 1, "parts": 5, "composer": null, "tune_info": null}}, {"model": "tunes.tune", "pk": 9, "fields": {"name": "The Merry Blacksmith", "tune_type": 1, "parts": 2, "composer": null, "tune_info": null}}, {"model": "tunes.tune", "pk": 10, "fields": {"name": "Mrs McLeod's", "tune_type": 1, "parts": 2, "composer": 4, "tune_info": null}}, {"model": "tunes.tune", "pk": 11, "fields": {"name": "The Sally Gardens", "tune_type": 1, "parts": 2, "composer": null, "tune_info": null}}, {"model": "tunes.tune", "pk": 12, "fields": {"name": "The Musical Priest", "tune_type": 1, "parts": 2, "composer": null, "tune_info": null}}, {"model": "tunes.tune", "pk": 13, "fields": {"name": "Saint Anne's", "tune_type": 1, "parts": 2, "composer": null, "tune_info": null}}, {"model": "tunes.tune", "pk": 14, "fields": {"name": "The Silver Spear", "tune_type": 1, "parts": 2, "composer": null, "tune_info": null}}, {"model": "tunes.tune", "pk": 15, "fields": {"name": "The Star of Munster", "tune_type": 1, "parts": 2, "composer": null, "tune_info": null}}, {"model": "tunes.tune", "pk": 16, "fields": {"name": "Banish Misfortune", "tune_type": 2, "parts": 3, "composer": null, "tune_info": null}}, {"model": "tunes.tune", "pk": 17, "fields": {"name": "The Blarney Pilgrim", "tune_type": 2, "parts": 3, "composer": null, "tune_info": null}}, {"model": "tunes.tune", "pk": 18, "fields": {"name": "The Cliffs of Moher", "tune_type": 2, "parts": 2, "composer": null, "tune_info": null}}, {"model": "tunes.tune", "pk": 19, "fields": {"name": "Connaughtman's Rambles", "tune_type": 2, "parts": 2, "composer": null, "tune_info": null}}, {"model": "tunes.tune", "pk": 20, "fields": {"name": "Jimmy Ward's", "tune_type": 2, "parts": 2, "composer": null, "tune_info": null}}, {"model": "tunes.tune", "pk": 21, "fields": {"name": "The Kesh", "tune_type": 2, "parts": 2, "composer": null, "tune_info": null}}, {"model": "tunes.tune", "pk": 22, "fields": {"name": "The Lilting Banshee", "tune_type": 2, "parts": 2, "composer": null, "tune_info": null}}, {"model": "tunes.tune", "pk": 23, "fields": {"name": "The Lark in the Morning", "tune_type": 2, "parts": 4, "composer": null, "tune_info": null}}, {"model": "tunes.tune", "pk": 24, "fields": {"name": "Morrison's", "tune_type": 2, "parts": 2, "composer": null, "tune_info": null}}, {"model": "tunes.tune", "pk": 25, "fields": {"name": "Out on the Ocean", "tune_type": 2, "parts": 2, "composer": null, "tune_info": null}}, {"model": "tunes.tune", "pk": 26, "fields": {"name": "Saddle the Pony", "tune_type": 2, "parts": 2, "composer": null, "tune_info": null}}, {"model": "tunes.tune", "pk": 27, "fields": {"name": "Tripping Up the Stairs", "tune_type": 2, "parts": 2, "composer": null, "tune_info": null}}, {"model": "tunes.tune", "pk": 28, "fields": {"name": "The Kid on the Mountain", "tune_type": 3, "parts": 5, "composer": null, "tune_info": null}}, {"model": "tunes.tune", "pk": 29, "fields": {"name": "The Foxhunters", "tune_type": 3, "parts": 3, "composer": null, "tune_info": null}}, {"model": "tunes.tune", "pk": 30, "fields": {"name": "Merry Kiss the Quakers Wife", "tune_type": 4, "parts": 3, "composer": null, "tune_info": null}}, {"model": "tunes.tune", "pk": 31, "fields": {"name": "The Boys of Bluehill", "tune_type": 5, "parts": 2, "composer": null, "tune_info": null}}, {"model": "tunes.tune", "pk": 32, "fields": {"name": "Harvet Home", "tune_type": 5, "parts": 2, "composer": null, "tune_info": null}}, {"model": "tunes.tune", "pk": 33, "fields": {"name": "The Rights of Man", "tune_type": 5, "parts": 2, "composer": null, "tune_info": null}}, {"model": "tunes.tune", "pk": 34, "fields": {"name": "Ballydesmond Polka 2", "tune_type": 6, "parts": 2, "composer": null, "tune_info": null}}, {"model": "tunes.tune", "pk": 35, "fields": {"name": "Ballydesmond Polka 3", "tune_type": 6, "parts": 2, "composer": null, "tune_info": null}}, {"model": "tunes.tune", "pk": 36, "fields": {"name": "Britches Full of Stiches", "tune_type": 6, "parts": 2, "composer": null, "tune_info": null}}, {"model": "tunes.tune", "pk": 37, "fields": {"name": "Egan's", "tune_type": 6, "parts": 2, "composer": null, "tune_info": null}}, {"model": "tunes.tune", "pk": 38, "fields": {"name": "John Ryan's", "tune_type": 6, "parts": 2, "composer": null, "tune_info": null}}, {"model": "tunes.tune", "pk": 39, "fields": {"name": "Maggie in the Wood", "tune_type": 6, "parts": 2, "composer": null, "tune_info": null}}, {"model": "tunes.tune", "pk": 40, "fields": {"name": "Sheebeg Sheemore", "tune_type": 7, "parts": 2, "composer": 5, "tune_info": null}}, {"model": "tunes.abctune", "pk": 1, "fields": {"tune": 1, "key": 2, "meter": 1, "unit_note_length": 3, "bpm": 2}}, {"model": "tunes.abctune", "pk": 2, "fields": {"tune": 2, "key": 4, "meter": 1, "unit_note_length": 3, "bpm": 2}}, {"model": "tunes.abctune", "pk": 3, "fields": {"tune": 3, "key": 4, "meter": 1, "unit_note_length": 3, "bpm": 2}}, {"model": "tunes.abctune", "pk": 4, "fields": {"tune": 4, "key": 1, "meter": 1, "unit_note_length": 3, "bpm": 2}}, {"model": "tunes.abctune", "pk": 5, "fields": {"tune": 5, "key": 6, "meter": 1, "unit_note_length": 3, "bpm": 2}}, {"model": "tunes.abctune", "pk": 6, "fields": {"tune": 6, "key": 2, "meter": 1, "unit_note_length": 3, "bpm": 2}}, {"model": "tunes.abctune", "pk": 7, "fields": {"tune": 7, "key": 1, "meter": 1, "unit_note_length": 3, "bpm": 2}}, {"model": "tunes.abctune", "pk": 8, "fields": {"tune": 8, "key": 5, "meter": 1, "unit_note_length": 3, "bpm": 2}}, {"model": "tunes.abctune", "pk": 9, "fields": {"tune": 9, "key": 1, "meter": 1, "unit_note_length": 3, "bpm": 2}}, {"model": "tunes.abctune", "pk": 10, "fields": {"tune": 10, "key": 2, "meter": 1, "unit_note_length": 3, "bpm": 2}}, {"model": "tunes.abctune", "pk": 11, "fields": {"tune": 11, "key": 2, "meter": 1, "unit_note_length": 3, "bpm": 2}}, {"model": "tunes.abctune", "pk": 12, "fields": {"tune": 12, "key": 7, "meter": 1, "unit_note_length": 3, "bpm": 2}}, {"model": "tunes.abctune", "pk": 13, "fields": {"tune": 13, "key": 1, "meter": 1, "unit_note_length": 3, "bpm": 2}}, {"model": "tunes.abctune", "pk": 14, "fields": {"tune": 14, "key": 1, "meter": 1, "unit_note_length": 3, "bpm": 2}}, {"model": "tunes.abctune", "pk": 15, "fields": {"tune": 15, "key": 5, "meter": 1, "unit_note_length": 3, "bpm": 2}}, {"model": "tunes.abctune", "pk": 16, "fields": {"tune": 16, "key": 8, "meter": 2, "unit_note_length": 3, "bpm": 3}}, {"model": "tunes.abctune", "pk": 17, "fields": {"tune": 17, "key": 8, "meter": 2, "unit_note_length": 3, "bpm": 3}}, {"model": "tunes.abctune", "pk": 18, "fields": {"tune": 18, "key": 6, "meter": 2, "unit_note_length": 3, "bpm": 3}}, {"model": "tunes.abctune", "pk": 19, "fields": {"tune": 19, "key": 1, "meter": 2, "unit_note_length": 3, "bpm": 3}}, {"model": "tunes.abctune", "pk": 20, "fields": {"tune": 20, "key": 2, "meter": 2, "unit_note_length": 3, "bpm": 3}}, {"model": "tunes.abctune", "pk": 21, "fields": {"tune": 21, "key": 2, "meter": 2, "unit_note_length": 3, "bpm": 3}}, {"model": "tunes.abctune", "pk": 22, "fields": {"tune": 22, "key": 6, "meter": 2, "unit_note_length": 3, "bpm": 3}}, {"model": "tunes.abctune", "pk": 23, "fields": {"tune": 23, "key": 1, "meter": 2, "unit_note_length": 3, "bpm": 3}}, {"model": "tunes.abctune", "pk": 24, "fields": {"tune": 24, "key": 4, "meter": 2, "unit_note_length": 3, "bpm": 3}}, {"model": "tunes.abctune", "pk": 25, "fields": {"tune": 25, "key": 2, "meter": 1, "unit_note_length": 3, "bpm": 3}}, {"model": "tunes.abctune", "pk": 26, "fields": {"tune": 27, "key": 1, "meter": 1, "unit_note_length": 3, "bpm": 3}}, {"model": "tunes.abctune", "pk": 27, "fields": {"tune": 26, "key": 2, "meter": 2, "unit_note_length": 3, "bpm": 3}}, {"model": "tunes.abctune", "pk": 28, "fields": {"tune": 28, "key": 3, "meter": 3, "unit_note_length": 3, "bpm": 3}}, {"model": "tunes.abctune", "pk": 29, "fields": {"tune": 29, "key": 1, "meter": 3, "unit_note_length": 3, "bpm": 3}}, {"model": "tunes.abctune", "pk": 30, "fields": {"tune": 30, "key": 2, "meter": 2, "unit_note_length": 3, "bpm": 3}}, {"model": "tunes.abctune", "pk": 31, "fields": {"tune": 31, "key": 1, "meter": 1, "unit_note_length": 3, "bpm": 1}}, {"model": "tunes.abctune", "pk": 32, "fields": {"tune": 32, "key": 1, "meter": 1, "unit_note_length": 3, "bpm": 1}}, {"model": "tunes.abctune", "pk": 33, "fields": {"tune": 33, "key": 3, "meter": 1, "unit_note_length": 3, "bpm": 1}}, {"model": "tunes.abctune", "pk": 35, "fields": {"tune": 34, "key": 6, "meter": 4, "unit_note_length": 3, "bpm": 1}}, {"model": "tunes.abctune", "pk": 36, "fields": {"tune": 35, "key": 6, "meter": 4, "unit_note_length": 3, "bpm": 1}}, {"model": "tunes.abctune", "pk": 37, "fields": {"tune": 36, "key": 5, "meter": 4, "unit_note_length": 3, "bpm": 1}}, {"model": "tunes.abctune", "pk": 38, "fields": {"tune": 37, "key": 1, "meter": 4, "unit_note_length": 3, "bpm": 1}}, {"model": "tunes.abctune", "pk": 39, "fields": {"tune": 38, "key": 1, "meter": 4, "unit_note_length": 3, "bpm": 1}}, {"model": "tunes.abctune", "pk": 40, "fields": {"tune": 40, "key": 1, "meter": 5, "unit_note_length": 3, "bpm": 1}}, {"model": "tunes.abctune", "pk": 41, "fields": {"tune": 39, "key": 2, "meter": 4, "unit_note_length": 3, "bpm": 1}}, {"model": "tunes.abctunepiece", "pk": 1, "fields": {"abc_tune": 1, "part_order": 1, "part_title": "Part A", "default": true, "abc_piece": "\"G\"~G3D EDB,D|GFGB d2Bd|\"C\"eged BAGA|\"G\"BAGE \"D\"EDDE|\r\n\"G\"~G3D EDB,D|GFGB d2Bd|\"C\"eged BAGA|\"G\"BAGE \"D\"EDD2:|"}}, {"model": "tunes.abctunepiece", "pk": 2, "fields": {"abc_tune": 1, "part_order": 2, "part_title": "Part B", "default": true, "abc_piece": "|:\"Am\"eaag efge|\"Em\"dBBA B3z|eB~B2 gBfB|eBBA B3z|\r\n\"Am\"eaag \"Em\"efge|\"G\"dBBA B3z|\"C\"eged BAGA|\"G\"BAGE \"D\"EDD2:|"}}, {"model": "tunes.abctunepiece", "pk": 3, "fields": {"abc_tune": 2, "part_order": 1, "part_title": "Part 1", "default": true, "abc_piece": "EBBA B2EB|~B2AB dBAG|(3FED AD BDAD|FDFA dAFD|\r\nEBBA B2EB|~B2AB defg|afef dBAF|1 DEFD E2ED:|2 DEFD E2gf||"}}, {"model": "tunes.abctunepiece", "pk": 4, "fields": {"abc_tune": 2, "part_order": 2, "part_title": "Part 2", "default": true, "abc_piece": "|:eB~B2 eBgB|eB~B2 gedB|A2FA DAFA|~A2FA defg|\r\neB~B2 eBgB|eB~B2 defg|afef dBAF|1 DEFD E2gf:|2 DEFD E4||"}}, {"model": "tunes.abctunepiece", "pk": 5, "fields": {"abc_tune": 3, "part_order": 1, "part_title": "Part 1", "default": true, "abc_piece": "~E2BE dEBE|~E2BE AFDF|~E2BE dEBE|1 BABc dAFD:|2 BABc dAFA||"}}, {"model": "tunes.abctunepiece", "pk": 6, "fields": {"abc_tune": 3, "part_order": 2, "part_title": "Part 2", "default": true, "abc_piece": "d2fd c2ec|dffd faaf|d2fd cdec|BABc dAFA|\r\nd2fd c2ec|defg a2ga|bgaf gfed|BABc dAFD||"}}, {"model": "tunes.abctunepiece", "pk": 7, "fields": {"abc_tune": 4, "part_order": 1, "part_title": "Part 1", "default": true, "abc_piece": "F2AF BFAF|~F2AF EFDE|1 F2AF BFAF|G2FG EDB,D:|2 FA~A2 BAFB|ABde fdec||"}}, {"model": "tunes.abctunepiece", "pk": 8, "fields": {"abc_tune": 4, "part_order": 2, "part_title": "Part 2", "default": true, "abc_piece": "|:~d3B A2FA|~d3e fgfe|1 ~d3B A2FA|GEFD EDB,D:|2 defd AFDF|GEFD EDB,D||"}}, {"model": "tunes.abctunepiece", "pk": 9, "fields": {"abc_tune": 5, "part_order": 1, "part_title": "Part 1", "default": true, "abc_piece": "A,2A,C E2EF|GEDB, G,A,B,G,|A,2A,C E2EF|GEDB, EA,A,G,|\r\nA,2A,C E2EF|GEDB, G,2g2|edeg ~a3f|gedB BA~A2:|"}}, {"model": "tunes.abctunepiece", "pk": 10, "fields": {"abc_tune": 5, "part_order": 2, "part_title": "Part 2", "default": true, "abc_piece": "|:~a3b agef|~g3a gede|~a3b agef|gedB BA~A2|\r\nagef ~g3e|dedB GABd|cBAB cdea|gedB BA~A2:|"}}, {"model": "tunes.abctunepiece", "pk": 11, "fields": {"abc_tune": 5, "part_order": 3, "part_title": "Part 3", "default": true, "abc_piece": "|:eA(3cBA eA(3cBA|~d3B GB~B2|eA(3cBA ~e3a|gedB BA~A2|\r\neA(3cBA eA(3cBA|dedB GABd|cBAB cdea|gedB BA~A2:|"}}, {"model": "tunes.abctunepiece", "pk": 12, "fields": {"abc_tune": 5, "part_order": 4, "part_title": "Part 4", "default": true, "abc_piece": "|:ae^ce aece|gdBd gdBd|ae^ce ~a3f|gedB BA~A2|\r\nagef ~g3e|dedB GABd|cBAB cdea|gedB BA~A2:|"}}, {"model": "tunes.abctunepiece", "pk": 13, "fields": {"abc_tune": 6, "part_order": 1, "part_title": "Part 2", "default": true, "abc_piece": "GE~E2 BE~E2|GFGA B2BA|GE~E2 BE~E2|AFDF AcBA|\r\nGE~E2 BE~E2|GFGA B2BA|~G3F GBdB|AFDF AcBA:|"}}, {"model": "tunes.abctunepiece", "pk": 14, "fields": {"abc_tune": 6, "part_order": 2, "part_title": "Part 2", "default": true, "abc_piece": "|:G2BG dGBG|~G2Bd efg2|G2BG dGBG|AFDF AcBA|\r\nG2BG dGBG|~G2Bd efg2|(3agf ge dedB|AFDF AcBA:|"}}, {"model": "tunes.abctunepiece", "pk": 15, "fields": {"abc_tune": 7, "part_order": 1, "part_title": "Part 1", "default": true, "abc_piece": "FAAB AFED|FAAB ABde|fBBA Bcde|f2af edBA|\r\nFAAB AFED|FAAB ABde|fBBA BcdB|1 AFEF D2DE:|2 AFEF D3e||"}}, {"model": "tunes.abctunepiece", "pk": 16, "fields": {"abc_tune": 7, "part_order": 2, "part_title": "Part 2", "default": true, "abc_piece": "|:faag fede|fdad fd~d2|efga beef|gebe gfeg|\r\nfaaf bfaf|defd e2de|fBBA BcdB|1 AFEF D3e:|2 AFEF D4||"}}, {"model": "tunes.abctunepiece", "pk": 17, "fields": {"abc_tune": 8, "part_order": 1, "part_title": "Part 1", "default": true, "abc_piece": "|:e2cA eAcA|eAcA BAFA|e2cA eAcA|BdcA BAFA:|"}}, {"model": "tunes.abctunepiece", "pk": 18, "fields": {"abc_tune": 8, "part_order": 2, "part_title": "Part 2", "default": true, "abc_piece": "|:~E3c cBAF|EAcA BAFA|~E3c cBAc|BdcA BAFA:|"}}, {"model": "tunes.abctunepiece", "pk": 19, "fields": {"abc_tune": 8, "part_order": 3, "part_title": "Part 3", "default": true, "abc_piece": "|:afec ABce|aece fbbg|afec ABcA|Bcde fB~B2:|"}}, {"model": "tunes.abctunepiece", "pk": 20, "fields": {"abc_tune": 8, "part_order": 4, "part_title": "Part 4", "default": true, "abc_piece": "|:eaag ~a3f|eaae faec|eaag ~a3e|faec BABc:|"}}, {"model": "tunes.abctunepiece", "pk": 21, "fields": {"abc_tune": 8, "part_order": 5, "part_title": "Part 5", "default": true, "abc_piece": "|:A2cA eAcB|AccA BABc|A2cA eAce|faec BABc:|"}}, {"model": "tunes.abctunepiece", "pk": 22, "fields": {"abc_tune": 9, "part_order": 1, "part_title": "Part 1", "default": true, "abc_piece": "d2dA BAFA|ABdA BAFA|ABde fded|Beed egfe|\r\nd2dA BAFA|ABdA BAFA|ABde fdec|dBAF D4:|"}}, {"model": "tunes.abctunepiece", "pk": 23, "fields": {"abc_tune": 9, "part_order": 2, "part_title": "Part 2", "default": true, "abc_piece": "|:a2ag f2fe|d2dA BAFA|ABde fded|Beed egfe|\r\na2ag f2fe|d2dA BAFA|ABde fdec|dBAF D4:|"}}, {"model": "tunes.abctunepiece", "pk": 24, "fields": {"abc_tune": 10, "part_order": 1, "part_title": "Part 1", "default": true, "abc_piece": "G2BG DGBG|B2BA BcBA|G2BG DGBG|A2AG AcBA|\r\nG2BG DGBG|B2BA B2d2|~e3f edef|gedB AcBA:|"}}, {"model": "tunes.abctunepiece", "pk": 25, "fields": {"abc_tune": 10, "part_order": 2, "part_title": "Part 2", "default": true, "abc_piece": "|:G2gf edeg|B2BA BcBA|G2gf edeg|a2ag a2ba|\r\ng2bg efge|dBBA B2d2|~e3f edef|gedB AcBA:|"}}, {"model": "tunes.abctunepiece", "pk": 26, "fields": {"abc_tune": 11, "part_order": 1, "part_title": "Part 1", "default": true, "abc_piece": "G2DG B2GB|dBeB dBAB|d2 (3Bcd efge|dBAB GEDE|\r\nG2DG BAGB|dBeB dBAB|d2 (3Bcd efge|dBAB G3z:|"}}, {"model": "tunes.abctunepiece", "pk": 27, "fields": {"abc_tune": 11, "part_order": 2, "part_title": "Part 2", "default": true, "abc_piece": "|:dggf g2dg|~g2bg ageg|eaag a2eg|a2bg ageg|\r\ndggf g2dg|~g2bg ageg|d2 (3Bcd efge|dBAB G3z:|"}}, {"model": "tunes.abctunepiece", "pk": 28, "fields": {"abc_tune": 12, "part_order": 1, "part_title": "Part 1", "default": true, "abc_piece": "FBBA BcdB|cBAf ecBA|FBBA BcdB|1 cBAc ~B3A:|2 cBAc ~B3c||"}}, {"model": "tunes.abctunepiece", "pk": 29, "fields": {"abc_tune": 12, "part_order": 2, "part_title": "Part 2", "default": true, "abc_piece": "|:d2dc dfed|(3cBA eA fAeA|dcBc defb|afec ~B3c:|"}}, {"model": "tunes.abctunepiece", "pk": 30, "fields": {"abc_tune": 12, "part_order": 3, "part_title": "Part 3", "default": true, "abc_piece": "|:dB~B2 bafb|afec ABce|dB~B2 bafb|1 afec ~B3c:|2 afec ~B4||"}}, {"model": "tunes.abctunepiece", "pk": 31, "fields": {"abc_tune": 13, "part_order": 1, "part_title": "Part 1", "default": true, "abc_piece": "fedf edcB|A2FA DAFA|B2GB EBGB|A2FA DAFA|\r\nfedf edcB|A2FA DAFA|Beed cABc|eddc d2de:|"}}, {"model": "tunes.abctunepiece", "pk": 32, "fields": {"abc_tune": 13, "part_order": 2, "part_title": "Part 2", "default": true, "abc_piece": "|:f2fg fedc|Bggf ~g3f|edcB ABce|baa^g a3=g|\r\nf2fg fedc|Bggf ~g3f|edcB ABcd|eddc d4:|"}}, {"model": "tunes.abctunepiece", "pk": 33, "fields": {"abc_tune": 14, "part_order": 1, "part_title": "Part 1", "default": true, "abc_piece": "FA~A2 BAFA|dfed BcdB|FA~A2 BAFA|dfed B2AG|\r\nFA~A2 BAFA|dfed Bdef|~g3e ~f3e|dfed B2A2:|"}}, {"model": "tunes.abctunepiece", "pk": 34, "fields": {"abc_tune": 14, "part_order": 2, "part_title": "Part 2", "default": true, "abc_piece": "|:f2af bfaf|gfed Bcde|f2af bfaf|gfed B2A2|\r\nf2af bfaf|gfed Bdef|~g3e ~f3e|dfed B2A2:|"}}, {"model": "tunes.abctunepiece", "pk": 35, "fields": {"abc_tune": 15, "part_order": 1, "part_title": "Part 1", "default": true, "abc_piece": "c2Ac BAGB|AGEF GEDG|EAAG ABcd|e2af gfed|\r\nc2Ac BAGB|AGEF GEDG|EAAG ABcd|ecdB cA~A2:|"}}, {"model": "tunes.abctunepiece", "pk": 36, "fields": {"abc_tune": 15, "part_order": 2, "part_title": "Part 2", "default": true, "abc_piece": "|:eaag ageg|a2bg agef|~g3a gdBd|gaba gedg|\r\neaag ageg|a2bg agef|g2~g2 a2ga|1 bgaf gedg:|2 ~b3a gedB||"}}, {"model": "tunes.abctunepiece", "pk": 37, "fields": {"abc_tune": 16, "part_order": 1, "part_title": "Part 1", "default": true, "abc_piece": "fed cAG | AGd cAG | ~F3 DED | ~F3 GFG |\r\n~A3 cAG | AGA cde | fed cAG | Ad^c d2e :|"}}, {"model": "tunes.abctunepiece", "pk": 38, "fields": {"abc_tune": 16, "part_order": 2, "part_title": "Part 2", "default": true, "abc_piece": "|: f2d d^cd | f2a agf | e2c cBc | ece gfe |\r\nf2g agf | e2f gfe | fed cAG | Ad^c d2e :|"}}, {"model": "tunes.abctunepiece", "pk": 39, "fields": {"abc_tune": 16, "part_order": 3, "part_title": "Part 3", "default": true, "abc_piece": "|: f2g e2f | ded cdc | ~A3 GAG | ~F3 ded |\r\nc3 cAG | AGA cde | fed cAG | Ad^c d2e :|"}}, {"model": "tunes.abctunepiece", "pk": 40, "fields": {"abc_tune": 17, "part_order": 1, "part_title": "Part 1", "default": true, "abc_piece": "~D3 DEG|A2G ABc|BAG AGE|GEA GED|\r\n~D3 DEG|A2G ABc|BAG AGE|GED D3:|"}}, {"model": "tunes.abctunepiece", "pk": 41, "fields": {"abc_tune": 17, "part_order": 2, "part_title": "Part 2", "default": true, "abc_piece": "|:ded dBG|AGA BGE|ded dBG|ABA GBd|\r\ng2e dBG|AGA BGE|B2G AGE|GAG GFG:|"}}, {"model": "tunes.abctunepiece", "pk": 42, "fields": {"abc_tune": 17, "part_order": 3, "part_title": "Part 3", "default": true, "abc_piece": "|:ADD BDD|ADD ABc|BAG AGE|GEA GED|\r\nADD BDD|ADD ABc|BAG AGE|GED D3:|"}}, {"model": "tunes.abctunepiece", "pk": 43, "fields": {"abc_tune": 18, "part_order": 1, "part_title": "Part 1", "default": true, "abc_piece": "aga bag|eaf ged|c2A BAG|EFG ABd|\r\n|eaa bag|eaf ged|c2A BAG|EFG A3:|"}}, {"model": "tunes.abctunepiece", "pk": 44, "fields": {"abc_tune": 18, "part_order": 2, "part_title": "Part 2", "default": true, "abc_piece": "|:efe dBA|efe dBA|GAB dBA|GAB dBd|\r\n|1 efe dBA|efe dBA|GAB dBG|EFG A3:|\r\n|2 ~e3 dee|cee Bee|EFG BAG|EDB, A,3||"}}, {"model": "tunes.abctunepiece", "pk": 45, "fields": {"abc_tune": 19, "part_order": 1, "part_title": "Part 1", "default": true, "abc_piece": "FAA dAA|BAB dAG|FAA dfe|dBB BAG|\r\nFAA dAA|BAB def|gfe dfe|1 dBB BAG:|2 dBB B3||"}}, {"model": "tunes.abctunepiece", "pk": 46, "fields": {"abc_tune": 19, "part_order": 2, "part_title": "Part 2", "default": true, "abc_piece": "|:fbb faa|fef deg|fbb faa|fed ~e3|\r\nfbb faa|fef def|gfe dfe|1 dBB ~B3:|2 dBB BAG||"}}, {"model": "tunes.abctunepiece", "pk": 47, "fields": {"abc_tune": 20, "part_order": 1, "part_title": "Part 1", "default": true, "abc_piece": "~G3 GAB|AGE GED|~G3 AGE|GED DEF|\r\n|~G3 GAB|AGE GAB|cBA BGE|1 DED DEF:|2 DED D2B||"}}, {"model": "tunes.abctunepiece", "pk": 48, "fields": {"abc_tune": 20, "part_order": 2, "part_title": "Part 2", "default": true, "abc_piece": "|:cBA BAG|~A3 AGE|BcA BGE|EDE GAB|\r\n|c2c BAG|ABA ABc|dcA AGE|1 GED D2B:|2 GED D3||"}}, {"model": "tunes.abctunepiece", "pk": 49, "fields": {"abc_tune": 21, "part_order": 1, "part_title": "Part 1", "default": true, "abc_piece": "~G3 GAB|~A3 ABd|edd gdd|edB dBA|~G3 GAB|\r\n|~A3 ABd|edd gdB|1 AGF G2D:|2 AGF G2A||"}}, {"model": "tunes.abctunepiece", "pk": 50, "fields": {"abc_tune": 21, "part_order": 2, "part_title": "Part 2", "default": true, "abc_piece": "|:~B3 dBd|ege dBG|~B3 dBG|ABA AGA|\r\n|BAB dBd|ege dBd|~g3 aga|bgf g3:|"}}, {"model": "tunes.abctunepiece", "pk": 51, "fields": {"abc_tune": 22, "part_order": 1, "part_title": "Part 1", "default": true, "abc_piece": "EAA EAA | BAB G2A | Bee edB | dBA GED |\r\nEAA EAA | BAB G2A | Bee edB |1 dBA A2G :|2 dBA ABd ||"}}, {"model": "tunes.abctunepiece", "pk": 52, "fields": {"abc_tune": 22, "part_order": 2, "part_title": "Part 2", "default": true, "abc_piece": "|: eaa age | dBA G2A | Bee edB | def ~g3 |\r\neaa age | dBA G2A | Bee edB |1 dBA ABd :|2 dBA A3 ||"}}, {"model": "tunes.abctunepiece", "pk": 53, "fields": {"abc_tune": 23, "part_order": 1, "part_title": "Part 1", "default": true, "abc_piece": "~A3 AFA|~B3 BdB|~A3 AFA|fed BdB|\r\n|~A3 AFA|~B3 BAB|def afe|1 fdB BdB:|2 fdB BAB||"}}, {"model": "tunes.abctunepiece", "pk": 54, "fields": {"abc_tune": 23, "part_order": 2, "part_title": "Part 2", "default": true, "abc_piece": "|:def ~a3|baf afe|def afe|fdB BAB|\r\n|def ~a3|baf afd|~g3 fgf|edB BAB:|"}}, {"model": "tunes.abctunepiece", "pk": 55, "fields": {"abc_tune": 23, "part_order": 3, "part_title": "Part 3", "default": true, "abc_piece": "|:d2f fef|fef fef|d2f fef|edB BAB|\r\n|d2f fef|fef fef|~g3 fgf|1 edB BAB:|2 edB BdB||"}}, {"model": "tunes.abctunepiece", "pk": 56, "fields": {"abc_tune": 23, "part_order": 4, "part_title": "Part 4", "default": true, "abc_piece": "|:Add fdd|ede fdB|Add fdd|edB BAF|\r\n|Add fdd|ede fed|~g3 fgf|1 edB BAF:|2 edB BdB||"}}, {"model": "tunes.abctunepiece", "pk": 57, "fields": {"abc_tune": 24, "part_order": 1, "part_title": "Part 1", "default": true, "abc_piece": "~E3 ~B3|~E3 AFD|~E3 BAB|dcB AFD|~E3 BAB|~E3 AFD|~G3 FGA|dAG FED:|"}}, {"model": "tunes.abctunepiece", "pk": 58, "fields": {"abc_tune": 24, "part_order": 2, "part_title": "Part 2", "default": true, "abc_piece": "Bee fee|aee fed|Bee fee|a2g fed|Bee fee|aee fed|gfe d2A|BAG FED|\r\nBee fee|aee fed|Bee fee|faf def|~g3 gfe|def g2d|edc d2A|BAG FED||"}}, {"model": "tunes.abctunepiece", "pk": 59, "fields": {"abc_tune": 25, "part_order": 1, "part_title": "Part 1", "default": true, "abc_piece": "D~B3 AG|BdB A2B|GED G2A|BAB AGE|\r\n|D~B3 AG|BdB A2B|GED G2A|1 BGF G2E:|2 BGF GBd||"}}, {"model": "tunes.abctunepiece", "pk": 60, "fields": {"abc_tune": 25, "part_order": 2, "part_title": "Part 2", "default": true, "abc_piece": "|:~e3 edB|efe edB|ded dBd|gfe dBA|\r\n|G2A B2d|ege dBA|GED G2A|1 BGF GBd:|2 BGF G3||"}}, {"model": "tunes.abctunepiece", "pk": 61, "fields": {"abc_tune": 26, "part_order": 1, "part_title": "Part 1", "default": true, "abc_piece": "FAA GBB|FAd fed|cBc ABc|dfe dAG|\r\n|FAA GBB|FAd fed|cBc ABc|1 dfe d2A:|2 dfe d2c||"}}, {"model": "tunes.abctunepiece", "pk": 62, "fields": {"abc_tune": 26, "part_order": 2, "part_title": "Part 2", "default": true, "abc_piece": "|:dBB fBB|faf fed|cAA eAA|efe edc|\r\n|dBB fBB|faf fed|cBc ABc|1 dfe d2c:|2 dfe d3||"}}, {"model": "tunes.abctunepiece", "pk": 63, "fields": {"abc_tune": 27, "part_order": 1, "part_title": "Part 1", "default": true, "abc_piece": "GBA G2B|def gdB|GBA G2B|AFD AFD|\r\n|GBA G2B|def gfg|ege dBA|1 BGG G2D:|2 BGG GBd||"}}, {"model": "tunes.abctunepiece", "pk": 64, "fields": {"abc_tune": 27, "part_order": 2, "part_title": "Part 2", "default": true, "abc_piece": "|:efe edB|def gfg|efe edB|dBA ABd|\r\n|efe edB|def gfg|ege dBA|1 BGG GBd:|2 BGG G3||"}}, {"model": "tunes.abctunepiece", "pk": 65, "fields": {"abc_tune": 28, "part_order": 1, "part_title": "Part 1", "default": true, "abc_piece": "~E3 FEF G2F|~E3 BcA BGE|EDE FEF G2A|BAG FAG FED:|"}}, {"model": "tunes.abctunepiece", "pk": 66, "fields": {"abc_tune": 28, "part_order": 2, "part_title": "Part 2", "default": true, "abc_piece": "|:BGB AFA G2D|GAB dge dBA|BGB AFA G2A|BAG FAG FED:|"}}, {"model": "tunes.abctunepiece", "pk": 67, "fields": {"abc_tune": 28, "part_order": 3, "part_title": "Part 3", "default": true, "abc_piece": "|:gfg eBe e2f|~g3 efg afd|gfg eBe g2a|bag fag fed:|"}}, {"model": "tunes.abctunepiece", "pk": 68, "fields": {"abc_tune": 28, "part_order": 4, "part_title": "Part 4", "default": true, "abc_piece": "|:eBe e2f g2f|eBe efg afd|eBe e2f g2a|bag fag fed:|"}}, {"model": "tunes.abctunepiece", "pk": 69, "fields": {"abc_tune": 28, "part_order": 5, "part_title": "Part 5", "default": true, "abc_piece": "|:edB dBA G2D|GAB dge dBd|edB dBA G2A|BAG FAG FED:|"}}, {"model": "tunes.abctunepiece", "pk": 70, "fields": {"abc_tune": 29, "part_order": 1, "part_title": "Part 1", "default": true, "abc_piece": "FDF FDF G2E|FDF FDF E2D|FDF FDF G2B|AFD DEF E2D:|"}}, {"model": "tunes.abctunepiece", "pk": 71, "fields": {"abc_tune": 29, "part_order": 2, "part_title": "Part 2", "default": true, "abc_piece": "|:~B3 BAG FGA|B2E E2F GFE|ABc dcB ABc|d2D DEF E2D:|"}}, {"model": "tunes.abctunepiece", "pk": 72, "fields": {"abc_tune": 29, "part_order": 3, "part_title": "Part 3", "default": true, "abc_piece": "|:~f3 fed g2e|~f3 fed e2d|~f3 fed g2b|afd def e2d:|"}}, {"model": "tunes.abctunepiece", "pk": 73, "fields": {"abc_tune": 29, "part_order": 4, "part_title": "Part 4", "default": true, "abc_piece": "|:gfe dcB AGA|B2E E2F G2B|ABc dcB ABc|d2D DEF E2D:|"}}, {"model": "tunes.abctunepiece", "pk": 74, "fields": {"abc_tune": 30, "part_order": 1, "part_title": "Part 1", "default": true, "abc_piece": "GAB D2B|c2A BGE|GAB DEG|A3 AGE|\r\nGAB D2B|c2A BGE|GAB D2E|1 G3 G2D:|2 G3 G2A||"}}, {"model": "tunes.abctunepiece", "pk": 75, "fields": {"abc_tune": 30, "part_order": 2, "part_title": "Part 2", "default": true, "abc_piece": "|:BGG AGG|BGG AGE|GAB DEG|A3 AGA|\r\nBGG AGG|BGG AGE|GAB D2E|1 G3 G2A:|2 G3 GBd||"}}, {"model": "tunes.abctunepiece", "pk": 76, "fields": {"abc_tune": 30, "part_order": 3, "part_title": "Part 3", "default": true, "abc_piece": "|:~g3 aga|bge dBd|~g3 gab|~a3 agf|\r\ng2g faf|ege dBA|GAB D2E|1 G3 GBd:|2 G3 G2D||"}}, {"model": "tunes.abctunepiece", "pk": 77, "fields": {"abc_tune": 31, "part_order": 1, "part_title": "Part 1", "default": true, "abc_piece": "FA|BAFA D2FA|BA (3Bcd e2de|faaf egfe|dfed B2dA|\r\nBAFA D2FA|BA (3Bcd e2de|faaf egfe|d2f2 d2:|"}}, {"model": "tunes.abctunepiece", "pk": 78, "fields": {"abc_tune": 31, "part_order": 2, "part_title": "Part 2", "default": true, "abc_piece": "|:fg|afdf a2gf|efga b2ag|faaf egfe|dfed B2dA|\r\nBAFA D2FA|BA (3Bcd e2de| faaf egfe|d2f2 d2:|"}}, {"model": "tunes.abctunepiece", "pk": 79, "fields": {"abc_tune": 32, "part_order": 1, "part_title": "Part 1", "default": true, "abc_piece": "A2|:DAFA DAFA|defe dcBA|eAfA gAfA|(3efe (3dcB (3ABA (3GFE|\r\nDAFA DAFA|defe dcBA|eAfA gece|1 d2f2 d2A2:|2 d2f2 d2 cd||"}}, {"model": "tunes.abctunepiece", "pk": 80, "fields": {"abc_tune": 32, "part_order": 2, "part_title": "Part 2", "default": true, "abc_piece": "|:eA~A2 fA~A2|gAfA eA~A2|eAfA gAfA|(3efe (3dcB (3ABA (3GFE|\r\nDAFA DAFA|defe dcBA|eAfA gece|d2f2 d2cd:|"}}, {"model": "tunes.abctunepiece", "pk": 81, "fields": {"abc_tune": 33, "part_order": 1, "part_title": "Part 1", "default": true, "abc_piece": "GA|:BcAB GAFG|EFGA B2ef|gfed edBd|cBAG A2GA|\r\nBcAB GAFG|EFGA B2ef|gfed Bgfg|1 e2E2 E2GA:|2 e2E2 E2ga||"}}, {"model": "tunes.abctunepiece", "pk": 82, "fields": {"abc_tune": 33, "part_order": 2, "part_title": "Part 2", "default": true, "abc_piece": "|:babg efga|babg egfe|d^cde fefg|afdf a2gf|\r\nedef gfga|(3bag af gfef|gfed Bgfg|1 e2E2 E2ga:|2 e2E2 E4||"}}, {"model": "tunes.abctunepiece", "pk": 85, "fields": {"abc_tune": 35, "part_order": 1, "part_title": "Part 1", "default": true, "abc_piece": "EA A>B|cd eg|G2 G>A|GE ED|\r\nEA A>B|cd ef|ge dB|1 A2 A>G:|2 A2 A2||"}}, {"model": "tunes.abctunepiece", "pk": 86, "fields": {"abc_tune": 35, "part_order": 2, "part_title": "Part 2", "default": true, "abc_piece": "|:a>g ab|ag ef|g>f ga|ge ed|\r\nea a>b|ag ef|ge dB|1 A2 A2:|2 A4||"}}, {"model": "tunes.abctunepiece", "pk": 87, "fields": {"abc_tune": 36, "part_order": 1, "part_title": "Part 2", "default": true, "abc_piece": "cd/c/ Bc/B/ | AB/A/ G>A | Bd ed | ga/g/ ed |\r\nea g>e | dB GA/B/ | ce dB | A2 A2 :|"}}, {"model": "tunes.abctunepiece", "pk": 88, "fields": {"abc_tune": 36, "part_order": 2, "part_title": "Part 2", "default": true, "abc_piece": "|: ea ag/e/ | dg gd | ea ab | ga/g/ ed |\r\nea g>e | dB GA/B/ | ce dB | A2 A2 :|"}}, {"model": "tunes.abctunepiece", "pk": 89, "fields": {"abc_tune": 37, "part_order": 1, "part_title": "Part 1", "default": true, "abc_piece": "A>B cA|BA cA|A>B cA|BA FE|\r\nA>B cA|BA ce|A>B AF|FE E2:|"}}, {"model": "tunes.abctunepiece", "pk": 90, "fields": {"abc_tune": 37, "part_order": 2, "part_title": "Part 2", "default": true, "abc_piece": "|:e>f ec|BA Bc|e>f ec|BA F2|\r\ne>f ec|BA Bc|A>B AF|FE E2:|"}}, {"model": "tunes.abctunepiece", "pk": 91, "fields": {"abc_tune": 38, "part_order": 1, "part_title": "Part 1", "default": true, "abc_piece": "fA BA|fA BA|d2 e>f|ed BA|\r\nfA BA|fA BA|d2 e>f|ed d>e:|"}}, {"model": "tunes.abctunepiece", "pk": 92, "fields": {"abc_tune": 38, "part_order": 2, "part_title": "Part 2", "default": true, "abc_piece": "|:fa fe|ed BA|d2 e>f|ed BA|\r\nfa fe|ed BA|d2 e>f|1 ed d>e:|2 ed d2||"}}, {"model": "tunes.abctunepiece", "pk": 93, "fields": {"abc_tune": 39, "part_order": 1, "part_title": "Part 1", "default": true, "abc_piece": "dd B/c/d/B/|AF AF|dd B/c/d/B/|AF ED|\r\ndd B/c/d/B/|AF Ad/e/|fd e/d/c|1 d2 d2:|2 d2 d>e||"}}, {"model": "tunes.abctunepiece", "pk": 94, "fields": {"abc_tune": 39, "part_order": 2, "part_title": "Part 2", "default": true, "abc_piece": "|:fd de/f/|gf ed/e/|fd Ad|fd/f/ a>g|\r\nfd de/f/|gf ed/e/|fd e/d/c|1 d2 d>e:|2 d2 d2||"}}, {"model": "tunes.abctunepiece", "pk": 95, "fields": {"abc_tune": 40, "part_order": 1, "part_title": "Part 1", "default": true, "abc_piece": "de|:f2fed2 | d3ed2 | B4A2 | F4A2 | BABcd2 | e4de | f2f2e2 | d4f2 |\r\nB4e2 | A4d2 | F3GE2 | D4f2 | B4e2 | A4dc | d2dec2 | d4 de :|"}}, {"model": "tunes.abctunepiece", "pk": 96, "fields": {"abc_tune": 40, "part_order": 2, "part_title": "Part 2", "default": true, "abc_piece": "|: f2fed2 | edefa2 | b2b2a2 | f4ed | e2e2a2 | f4ed | d4B2 | B4A2 |\r\nF2GFGE | D4f2 | B4e2 | A4a2 | bagfed | e2e/f/edc | d2dedc |1 d4 de:|2 d6||"}}, {"model": "tunes.abctunepiece", "pk": 97, "fields": {"abc_tune": 41, "part_order": 1, "part_title": "Part 1", "default": true, "abc_piece": "GD G>A|Be eg/e/|dB B/A/G/A/|BA AB/A/|\r\nGD G>A|Be eg/e/|dB AB/A/|1 G2 GA:|2 G2 Ge/f/||"}}, {"model": "tunes.abctunepiece", "pk": 98, "fields": {"abc_tune": 41, "part_order": 2, "part_title": "Part 2", "default": true, "abc_piece": "|:gf ed|ef g>e|dB B/A/G/A/|BA Ae/f/|\r\ngf ed|ef g>e|dB AB/A/|1 G2 Ge/f/:|2 G2 GA||"}}]